source_ip,destination_ip,source_port,destination_port,protocol,start_time,end_time,bytes_sent,bytes_received,packets_sent,packets_received,session_id,domain,url_count,duration_seconds,flags
10.0.0.63,185.199.108.153,52000,8443,TCP,2026-04-07T01:09:25,2026-04-07T01:09:41,0,0,0,0,8A1B1A9B-73D9-45,,0,16.0,[]
10.0.0.208,104.18.32.7,60301,443,TCP,2026-04-07T05:39:39,2026-04-07T05:41:30,0,0,0,0,21ACCE06-8279-44,,0,111.0,[]
172.16.0.138,172.217.14.110,58758,8080,TCP,2026-04-07T21:01:14,2026-04-07T21:01:27,0,0,0,0,9298E8C0-0CB6-43,,0,13.0,[]
192.168.0.95,104.16.132.229,51491,443,TCP,2026-04-07T19:26:50,2026-04-07T19:28:56,0,0,0,0,70DA2FC1-B0B5-4A,,0,126.0,[]
192.168.1.59,52.94.236.248,57925,80,TCP,2026-04-07T07:40:53,2026-04-07T07:45:44,0,0,0,0,A83DCF3A-7B30-4A,,0,291.0,[]
10.0.0.192,151.101.65.69,61013,443,TCP,2026-04-07T05:02:11,2026-04-07T05:06:32,0,0,0,0,C4CAAB33-DDA6-42,,0,261.0,[]
172.16.0.136,208.80.154.224,52905,443,TCP,2026-04-07T23:20:12,2026-04-07T23:23:07,0,0,0,0,32D6FB65-502D-47,,0,175.0,[]
192.168.0.40,104.18.32.7,49170,8080,TCP,2026-04-07T17:47:22,2026-04-07T17:47:32,0,0,0,0,6878F008-F16E-4C,,0,10.0,[]
192.168.0.33,208.80.154.224,57837,8443,TCP,2026-04-07T07:42:40,2026-04-07T07:47:17,0,0,0,0,C075437E-D10C-46,,0,277.0,[]
192.168.1.64,52.94.236.248,56692,443,TCP,2026-04-07T00:15:42,2026-04-07T00:16:19,0,0,0,0,6F17344F-3DF4-40,,0,37.0,[]
192.168.0.72,13.107.42.14,53487,3000,TCP,2026-04-07T08:50:50,2026-04-07T08:54:53,0,0,0,0,696B3F7C-140F-45,,0,243.0,[]
192.168.1.173,104.16.132.229,51138,8443,TCP,2026-04-07T12:21:13,2026-04-07T12:22:09,0,0,0,0,17C5CD14-A2A9-4D,,0,56.0,[]
172.16.0.207,208.80.154.224,50809,80,TCP,2026-04-07T03:23:44,2026-04-07T03:25:46,0,0,0,0,3F74F7C2-4BE3-41,,0,122.0,[]
10.0.0.109,185.199.108.153,65099,443,TCP,2026-04-07T06:54:50,2026-04-07T06:57:22,0,0,0,0,0F0D57C5-AC55-47,,0,152.0,[]
192.168.0.15,151.101.1.140,51397,80,TCP,2026-04-07T08:33:48,2026-04-07T08:37:15,0,0,0,0,32CE0811-20CA-4F,,0,207.0,[]
192.168.0.68,104.16.132.229,64134,8080,TCP,2026-04-07T02:38:28,2026-04-07T02:38:33,0,0,0,0,4748E32A-F84B-42,,0,5.0,[]
10.0.0.157,104.16.132.229,49408,443,TCP,2026-04-07T03:46:17,2026-04-07T03:47:26,0,0,0,0,B8A0226A-3040-4D,,0,69.0,[]
10.0.0.130,142.250.190.78,63031,443,TCP,2026-04-07T01:36:18,2026-04-07T01:36:20,0,0,0,0,42A2E952-EF39-4D,,0,2.0,[]
192.168.1.242,104.18.32.7,50332,8080,TCP,2026-04-07T21:12:30,2026-04-07T21:17:13,0,0,0,0,777D0E87-50C4-4C,,0,283.0,[]
192.168.1.91,172.217.14.110,56909,443,TCP,2026-04-07T06:26:46,2026-04-07T06:30:18,0,0,0,0,F345C03D-8808-4E,,0,212.0,[]
172.16.0.224,93.184.216.34,55691,3000,TCP,2026-04-07T12:43:50,2026-04-07T12:44:10,0,0,0,0,01C605FE-2119-41,,0,20.0,[]
172.16.0.174,208.80.154.224,50056,80,TCP,2026-04-07T09:30:37,2026-04-07T09:32:09,0,0,0,0,5C8ECB7B-61A9-46,,0,92.0,[]
172.16.0.1,208.80.154.224,61086,8443,TCP,2026-04-07T02:32:51,2026-04-07T02:35:41,0,0,0,0,91271038-2CC5-4B,,0,170.0,[]
172.16.0.171,104.16.132.229,59013,8443,TCP,2026-04-07T19:56:59,2026-04-07T19:57:00,0,0,0,0,350D88ED-EB74-4E,,0,1.0,[]
192.168.0.131,185.199.108.153,51930,443,TCP,2026-04-07T18:46:01,2026-04-07T18:48:53,0,0,0,0,E843B96C-4942-46,,0,172.0,[]
192.168.0.252,151.101.1.140,62732,443,TCP,2026-04-07T13:58:48,2026-04-07T14:03:02,0,0,0,0,D53B3AA8-16B1-4B,,0,254.0,[]
172.16.0.13,151.101.1.140,53521,3000,TCP,2026-04-07T19:20:16,2026-04-07T19:25:03,0,0,0,0,EFB3ADC2-FE38-45,,0,287.0,[]
10.0.0.197,93.184.216.34,58150,3000,TCP,2026-04-07T02:49:15,2026-04-07T02:51:42,0,0,0,0,53643B51-2664-40,,0,147.0,[]
192.168.0.17,52.94.236.248,64419,8443,TCP,2026-04-07T02:16:01,2026-04-07T02:17:47,0,0,0,0,F8CDDA40-31C4-4A,,0,106.0,[]
192.168.0.125,172.217.14.110,50103,8443,TCP,2026-04-07T12:14:17,2026-04-07T12:17:45,0,0,0,0,CBE6750A-4FC8-48,,0,208.0,[]
192.168.1.22,104.18.32.7,55106,80,TCP,2026-04-07T09:28:19,2026-04-07T09:31:34,0,0,0,0,7CEA2BE6-E4FD-47,,0,195.0,[]
172.16.0.5,142.250.190.78,56499,80,TCP,2026-04-07T23:43:46,2026-04-07T23:44:07,0,0,0,0,A9D0364E-C354-45,,0,21.0,[]
192.168.1.200,157.240.1.35,49993,443,TCP,2026-04-07T20:57:50,2026-04-07T21:01:03,0,0,0,0,FB4D6A36-E403-48,,0,193.0,[]
192.168.1.204,142.250.190.78,63189,8080,TCP,2026-04-07T02:30:38,2026-04-07T02:34:58,0,0,0,0,AC5D49EF-5C33-40,,0,260.0,[]
172.16.0.120,185.199.108.153,59713,443,TCP,2026-04-07T03:09:19,2026-04-07T03:11:42,0,0,0,0,4F8CD96C-24DD-45,,0,143.0,[]
172.16.0.55,157.240.1.35,58315,443,TCP,2026-04-07T20:14:08,2026-04-07T20:14:14,0,0,0,0,FEB1435D-4901-48,,0,6.0,[]
192.168.0.177,185.199.108.153,63837,80,TCP,2026-04-07T03:23:16,2026-04-07T03:25:47,0,0,0,0,3202B7BB-5245-46,,0,151.0,[]
10.0.0.79,151.101.1.140,59491,80,TCP,2026-04-07T19:30:36,2026-04-07T19:32:11,0,0,0,0,0B4C6111-4A54-45,,0,95.0,[]
192.168.0.93,185.220.101.1,53299,443,TCP,2026-04-07T01:39:25,2026-04-07T01:39:53,0,0,0,0,55AA1B44-AE86-42,,0,28.0,[]
172.16.0.113,142.250.190.78,64806,80,TCP,2026-04-07T02:22:44,2026-04-07T02:26:10,0,0,0,0,C87624BD-995B-40,,0,206.0,[]
192.168.0.199,93.184.216.34,58895,8443,TCP,2026-04-07T11:07:06,2026-04-07T11:11:58,0,0,0,0,3175F3C3-5C07-42,,0,292.0,[]
192.168.1.41,93.184.216.34,58695,80,TCP,2026-04-07T08:25:40,2026-04-07T08:25:59,0,0,0,0,551BDCE4-FD10-44,,0,19.0,[]
10.0.0.212,142.250.190.78,59231,443,TCP,2026-04-07T15:59:20,2026-04-07T15:59:28,0,0,0,0,78970591-0590-43,,0,8.0,[]
10.0.0.155,151.101.1.140,49831,443,TCP,2026-04-07T20:58:49,2026-04-07T20:59:10,0,0,0,0,B8AA3694-CDFB-46,,0,21.0,[]
172.16.0.249,52.94.236.248,60073,8080,TCP,2026-04-07T03:48:30,2026-04-07T03:49:25,0,0,0,0,7665BEB8-8DA6-4D,,0,55.0,[]
172.16.0.222,142.250.190.78,64290,8443,TCP,2026-04-07T01:58:24,2026-04-07T02:00:01,0,0,0,0,D00A7A1C-3792-4D,,0,97.0,[]
172.16.0.32,104.16.132.229,54341,443,TCP,2026-04-07T20:03:19,2026-04-07T20:03:20,0,0,0,0,7EFD4FEC-5185-46,,0,1.0,[]
10.0.0.131,172.217.14.110,64625,443,TCP,2026-04-07T16:37:51,2026-04-07T16:42:34,0,0,0,0,8E4474FA-06DF-4A,,0,283.0,[]
172.16.0.88,208.80.154.224,49236,443,TCP,2026-04-07T10:52:12,2026-04-07T10:57:09,0,0,0,0,FACCB136-89B3-43,,0,297.0,[]
172.16.0.117,13.107.42.14,61701,443,TCP,2026-04-07T14:57:21,2026-04-07T14:57:44,0,0,0,0,97F2E2BC-9F0A-4C,,0,23.0,[]
10.0.0.223,93.184.216.34,64124,80,TCP,2026-04-07T05:14:54,2026-04-07T05:15:21,0,0,0,0,04C0F00A-1914-4E,,0,27.0,[]
192.168.1.61,157.240.1.35,52113,8443,TCP,2026-04-07T03:35:03,2026-04-07T03:35:55,0,0,0,0,9398A5ED-D683-43,,0,52.0,[]
192.168.0.63,151.101.65.69,54722,443,TCP,2026-04-07T02:52:30,2026-04-07T02:55:46,0,0,0,0,726BE337-8171-46,,0,196.0,[]
10.0.0.171,93.184.216.34,54328,80,TCP,2026-04-07T16:04:58,2026-04-07T16:05:21,0,0,0,0,A910C224-DE1A-4D,,0,23.0,[]
10.0.0.180,104.16.132.229,58146,80,TCP,2026-04-07T20:36:17,2026-04-07T20:36:43,0,0,0,0,D05731BD-323B-4F,,0,26.0,[]
192.168.0.161,104.16.132.229,59275,3000,TCP,2026-04-07T01:12:53,2026-04-07T01:13:31,0,0,0,0,73B86694-5FD3-4F,,0,38.0,[]
10.0.0.213,51.15.43.205,58823,8080,TCP,2026-04-07T04:11:35,2026-04-07T04:15:35,0,0,0,0,033C9804-3F3E-4A,,0,240.0,[]
10.0.0.138,52.94.236.248,61637,8080,TCP,2026-04-07T03:56:41,2026-04-07T03:57:25,0,0,0,0,BCE51FDB-30A8-47,,0,44.0,[]
10.0.0.127,13.107.42.14,53597,8443,TCP,2026-04-07T16:30:59,2026-04-07T16:31:23,0,0,0,0,60A10019-E78C-4C,,0,24.0,[]
192.168.1.177,93.184.216.34,56888,8080,TCP,2026-04-07T03:37:02,2026-04-07T03:40:11,0,0,0,0,A9E1CD16-F64E-4F,,0,189.0,[]
192.168.1.13,13.107.42.14,55876,80,TCP,2026-04-07T20:10:41,2026-04-07T20:12:28,0,0,0,0,9D393F41-CBF6-4E,,0,107.0,[]
192.168.0.29,142.250.190.78,49638,8080,TCP,2026-04-07T08:39:46,2026-04-07T08:42:32,0,0,0,0,375D3CDB-27D1-4A,,0,166.0,[]
192.168.1.116,151.101.65.69,59035,3000,TCP,2026-04-07T23:25:23,2026-04-07T23:25:39,0,0,0,0,F821C6B0-7746-4E,,0,16.0,[]
10.0.0.156,104.18.32.7,59807,8443,TCP,2026-04-07T21:45:01,2026-04-07T21:45:35,0,0,0,0,256FAE28-1A0C-42,,0,34.0,[]
172.16.0.116,172.217.14.110,64012,8443,TCP,2026-04-07T15:08:44,2026-04-07T15:09:33,0,0,0,0,B8351D5C-6318-48,,0,49.0,[]
192.168.1.111,185.199.108.153,53415,80,TCP,2026-04-07T21:21:09,2026-04-07T21:21:45,0,0,0,0,28D21BDC-9AAE-4A,,0,36.0,[]
192.168.1.148,104.18.32.7,56500,80,TCP,2026-04-07T12:44:50,2026-04-07T12:49:35,0,0,0,0,9FFEE78C-A8B9-45,,0,285.0,[]
10.0.0.8,162.247.74.27,60287,8080,TCP,2026-04-07T00:13:20,2026-04-07T00:14:53,0,0,0,0,012C46C4-3D38-4B,,0,93.0,[]
10.0.0.41,185.199.108.153,51935,80,TCP,2026-04-07T05:39:52,2026-04-07T05:41:13,0,0,0,0,1DCE6E6F-791C-43,,0,81.0,[]
192.168.1.73,151.101.65.69,59258,80,TCP,2026-04-07T08:01:43,2026-04-07T08:05:06,0,0,0,0,17832E96-317B-4C,,0,203.0,[]
192.168.0.34,185.199.108.153,60757,80,TCP,2026-04-07T14:27:24,2026-04-07T14:27:46,0,0,0,0,A4F27456-0DE2-48,,0,22.0,[]
10.0.0.44,151.101.65.69,61009,80,TCP,2026-04-07T15:54:00,2026-04-07T15:54:55,0,0,0,0,1C48B40D-259D-4B,,0,55.0,[]
10.0.0.90,104.16.132.229,56894,80,TCP,2026-04-07T05:19:54,2026-04-07T05:22:06,0,0,0,0,743441C9-3B22-4A,,0,132.0,[]
10.0.0.222,52.94.236.248,63562,80,TCP,2026-04-07T17:04:22,2026-04-07T17:08:09,0,0,0,0,ED863025-1FB7-4A,,0,227.0,[]
192.168.1.158,172.217.14.110,50496,3000,TCP,2026-04-07T20:48:48,2026-04-07T20:50:25,0,0,0,0,D0964720-6926-47,,0,97.0,[]
10.0.0.252,208.80.154.224,50434,443,TCP,2026-04-07T15:56:17,2026-04-07T16:00:02,0,0,0,0,A135393E-3016-49,,0,225.0,[]
192.168.1.203,52.94.236.248,59955,80,TCP,2026-04-07T20:18:53,2026-04-07T20:22:11,0,0,0,0,C9AE5D80-6D03-44,,0,198.0,[]
10.0.0.209,185.199.108.153,52214,8443,TCP,2026-04-07T18:30:48,2026-04-07T18:31:12,0,0,0,0,6B394010-B1AD-4D,,0,24.0,[]
192.168.1.130,185.199.108.153,50388,8080,TCP,2026-04-07T22:30:06,2026-04-07T22:31:14,0,0,0,0,1A695866-B343-44,,0,68.0,[]
172.16.0.157,185.199.108.153,56819,443,TCP,2026-04-07T11:16:02,2026-04-07T11:20:03,0,0,0,0,E526BF39-5CB0-4E,,0,241.0,[]
192.168.0.210,104.244.76.13,57344,80,TCP,2026-04-07T23:20:40,2026-04-07T23:24:47,0,0,0,0,66A705FD-919D-41,,0,247.0,[]
172.16.0.227,142.250.190.78,50897,8443,TCP,2026-04-07T18:16:39,2026-04-07T18:19:51,0,0,0,0,2104D538-0E11-4D,,0,192.0,[]
192.168.1.74,93.184.216.34,64523,3000,TCP,2026-04-07T22:24:14,2026-04-07T22:24:17,0,0,0,0,4E576A9D-D6B8-45,,0,3.0,[]
10.0.0.61,142.250.190.78,62908,3000,TCP,2026-04-07T02:17:12,2026-04-07T02:18:09,0,0,0,0,EAD27319-EE97-4A,,0,57.0,[]
192.168.0.147,104.16.132.229,60968,80,TCP,2026-04-07T19:09:11,2026-04-07T19:13:50,0,0,0,0,EC4C1287-DD07-43,,0,279.0,[]
192.168.1.198,52.94.236.248,50604,8080,TCP,2026-04-07T19:52:47,2026-04-07T19:55:41,0,0,0,0,BF4D1AE8-DA5F-44,,0,174.0,[]
192.168.1.203,185.220.101.1,59493,443,TCP,2026-04-07T18:45:52,2026-04-07T18:49:16,0,0,0,0,03DE9F17-5039-49,,0,204.0,[]
10.0.0.70,52.94.236.248,62259,3000,TCP,2026-04-07T14:04:38,2026-04-07T14:05:00,0,0,0,0,598BC8E7-213A-42,,0,22.0,[]
172.16.0.21,104.18.32.7,58778,8080,TCP,2026-04-07T03:44:07,2026-04-07T03:44:48,0,0,0,0,25527B5A-D7CE-4C,,0,41.0,[]
172.16.0.71,142.250.190.78,62462,8080,TCP,2026-04-07T18:40:51,2026-04-07T18:42:13,0,0,0,0,9404A5C0-E02E-42,,0,82.0,[]
172.16.0.243,93.184.216.34,53663,8080,TCP,2026-04-07T14:29:31,2026-04-07T14:32:12,0,0,0,0,4F63180C-01D5-4C,,0,161.0,[]
172.16.0.55,157.240.1.35,55711,80,TCP,2026-04-07T04:56:30,2026-04-07T04:57:08,0,0,0,0,95C32799-5A6B-4E,,0,38.0,[]
10.0.0.229,104.18.32.7,60997,443,TCP,2026-04-07T04:25:07,2026-04-07T04:26:50,0,0,0,0,D3E346C0-6ACC-48,,0,103.0,[]
192.168.0.157,151.101.1.140,62198,3000,TCP,2026-04-07T19:08:23,2026-04-07T19:11:54,0,0,0,0,20C9A36A-4091-44,,0,211.0,[]
192.168.0.197,172.217.14.110,50967,80,TCP,2026-04-07T18:51:48,2026-04-07T18:53:07,0,0,0,0,69D1DC75-C2F1-49,,0,79.0,[]
10.0.0.158,208.80.154.224,54204,443,TCP,2026-04-07T23:59:01,2026-04-08T00:01:54,0,0,0,0,814F0A2A-C1CE-4D,,0,173.0,[]
192.168.1.128,208.80.154.224,59051,3000,TCP,2026-04-07T08:54:56,2026-04-07T08:58:24,0,0,0,0,D6990C47-5189-4B,,0,208.0,[]
192.168.0.81,52.94.236.248,62217,443,TCP,2026-04-07T13:29:27,2026-04-07T13:33:51,0,0,0,0,FB3B8574-7F47-45,,0,264.0,[]
192.168.1.13,172.217.14.110,57287,443,TCP,2026-04-07T11:55:17,2026-04-07T12:00:13,0,0,0,0,ED836D2D-741F-4C,,0,296.0,[]
172.16.0.6,172.217.14.110,64134,443,TCP,2026-04-07T07:49:59,2026-04-07T07:50:37,0,0,0,0,C05B8C64-026F-4A,,0,38.0,[]
192.168.0.226,52.94.236.248,61143,80,TCP,2026-04-07T14:35:05,2026-04-07T14:35:32,0,0,0,0,C8D5C804-01B6-43,,0,27.0,[]
192.168.0.250,52.94.236.248,61132,443,TCP,2026-04-07T07:14:50,2026-04-07T07:15:29,0,0,0,0,294EDD2D-C72B-4B,,0,39.0,[]
172.16.0.39,208.80.154.224,59898,8080,TCP,2026-04-07T05:54:59,2026-04-07T05:58:21,0,0,0,0,6A2974B5-34FC-4C,,0,202.0,[]
10.0.0.173,172.217.14.110,50025,3000,TCP,2026-04-07T09:40:03,2026-04-07T09:40:45,0,0,0,0,D213B306-0CEE-41,,0,42.0,[]
172.16.0.38,13.107.42.14,52753,443,TCP,2026-04-07T00:41:22,2026-04-07T00:45:08,0,0,0,0,A857905E-0CD0-48,,0,226.0,[]
172.16.0.224,185.199.108.153,53676,443,TCP,2026-04-07T20:25:16,2026-04-07T20:28:03,0,0,0,0,112F4726-C8F4-4F,,0,167.0,[]
10.0.0.174,185.199.108.153,65017,443,TCP,2026-04-07T08:58:31,2026-04-07T09:00:54,0,0,0,0,CF34731F-F3A0-46,,0,143.0,[]
10.0.0.123,185.199.108.153,58582,80,TCP,2026-04-07T20:52:46,2026-04-07T20:57:25,0,0,0,0,9D9766D9-4B13-41,,0,279.0,[]
10.0.0.237,157.240.1.35,56163,443,TCP,2026-04-07T19:36:32,2026-04-07T19:38:51,0,0,0,0,E4962DE1-DF82-4A,,0,139.0,[]
192.168.0.164,151.101.1.140,59975,3000,TCP,2026-04-07T03:39:38,2026-04-07T03:40:49,0,0,0,0,149FF5FD-C6C6-40,,0,71.0,[]
10.0.0.74,151.101.1.140,50374,443,TCP,2026-04-07T15:12:53,2026-04-07T15:14:24,0,0,0,0,21D1B72F-F69E-46,,0,91.0,[]
10.0.0.146,52.94.236.248,64040,3000,TCP,2026-04-07T04:53:09,2026-04-07T04:57:28,0,0,0,0,CCEAEDED-77F1-4C,,0,259.0,[]
10.0.0.203,104.16.132.229,54902,8443,TCP,2026-04-07T15:34:19,2026-04-07T15:38:43,0,0,0,0,52C96660-57A6-4C,,0,264.0,[]
192.168.1.67,93.184.216.34,59953,443,TCP,2026-04-07T21:12:24,2026-04-07T21:17:18,0,0,0,0,C5AEE11B-24F3-4B,,0,294.0,[]
10.0.0.177,157.240.1.35,56388,443,TCP,2026-04-07T04:51:47,2026-04-07T04:52:18,0,0,0,0,FBF7A98D-9C12-4F,,0,31.0,[]
10.0.0.20,151.101.1.140,55776,443,TCP,2026-04-07T05:59:26,2026-04-07T06:02:14,0,0,0,0,1ECAD547-9D00-43,,0,168.0,[]
172.16.0.208,104.18.32.7,62764,3000,TCP,2026-04-07T20:31:52,2026-04-07T20:31:56,0,0,0,0,17BD565D-3132-4D,,0,4.0,[]
10.0.0.180,142.250.190.78,64620,80,TCP,2026-04-07T10:27:09,2026-04-07T10:27:36,0,0,0,0,5F105182-8187-42,,0,27.0,[]
172.16.0.136,13.107.42.14,49896,443,TCP,2026-04-07T16:51:26,2026-04-07T16:52:10,0,0,0,0,0A96E3C3-3A22-44,,0,44.0,[]
192.168.1.208,151.101.65.69,57038,443,TCP,2026-04-07T02:26:59,2026-04-07T02:27:51,0,0,0,0,D94529D2-6C5E-43,,0,52.0,[]
192.168.1.36,157.240.1.35,59601,8080,TCP,2026-04-07T08:37:31,2026-04-07T08:40:06,0,0,0,0,4325F3F3-F5A8-41,,0,155.0,[]
172.16.0.202,185.199.108.153,62529,443,TCP,2026-04-07T10:55:06,2026-04-07T10:58:19,0,0,0,0,1F0F319D-615B-48,,0,193.0,[]
172.16.0.248,208.80.154.224,61879,443,TCP,2026-04-07T09:17:02,2026-04-07T09:18:47,0,0,0,0,93A7478F-7DC1-43,,0,105.0,[]
192.168.0.14,104.16.132.229,51536,443,TCP,2026-04-07T21:23:35,2026-04-07T21:28:22,0,0,0,0,95D7A43E-3B76-45,,0,287.0,[]
192.168.1.192,93.184.216.34,55853,8443,TCP,2026-04-07T08:42:49,2026-04-07T08:47:32,0,0,0,0,F2F36EF8-7825-45,,0,283.0,[]
172.16.0.26,185.199.108.153,59645,443,TCP,2026-04-07T13:29:49,2026-04-07T13:32:30,0,0,0,0,7A4C2DDA-FCA0-41,,0,161.0,[]
172.16.0.76,199.249.230.87,56689,8443,TCP,2026-04-07T20:44:43,2026-04-07T20:46:49,0,0,0,0,8ED09E09-8179-4D,,0,126.0,[]
10.0.0.44,208.80.154.224,55182,80,TCP,2026-04-07T19:04:34,2026-04-07T19:04:37,0,0,0,0,A5945037-912D-47,,0,3.0,[]
192.168.0.130,142.250.190.78,65138,80,TCP,2026-04-07T00:14:26,2026-04-07T00:18:59,0,0,0,0,C14EEE44-B28F-42,,0,273.0,[]
192.168.0.62,162.247.74.27,60766,443,TCP,2026-04-07T14:27:02,2026-04-07T14:27:43,0,0,0,0,819A21D7-B23D-44,,0,41.0,[]
192.168.1.24,172.217.14.110,64749,80,TCP,2026-04-07T23:10:59,2026-04-07T23:11:04,0,0,0,0,56828075-371C-43,,0,5.0,[]
172.16.0.70,151.101.1.140,50230,443,TCP,2026-04-07T11:27:00,2026-04-07T11:27:02,0,0,0,0,C4EAC413-759C-4A,,0,2.0,[]
10.0.0.99,104.18.32.7,60485,80,TCP,2026-04-07T03:33:23,2026-04-07T03:37:07,0,0,0,0,20C8ABF5-8D6F-43,,0,224.0,[]
172.16.0.59,172.217.14.110,55238,8443,TCP,2026-04-07T03:07:12,2026-04-07T03:09:44,0,0,0,0,1E5667A5-8682-46,,0,152.0,[]
10.0.0.28,157.240.1.35,60945,443,TCP,2026-04-07T03:43:19,2026-04-07T03:43:28,0,0,0,0,41421B1A-C06A-4D,,0,9.0,[]
10.0.0.222,157.240.1.35,61859,80,TCP,2026-04-07T20:22:19,2026-04-07T20:24:24,0,0,0,0,42BCA6B6-022C-43,,0,125.0,[]
10.0.0.124,52.94.236.248,57232,3000,TCP,2026-04-07T21:37:11,2026-04-07T21:38:52,0,0,0,0,968EB704-5B32-43,,0,101.0,[]
10.0.0.113,104.16.132.229,58996,8080,TCP,2026-04-07T21:57:44,2026-04-07T21:59:27,0,0,0,0,29F02C3E-D684-43,,0,103.0,[]
10.0.0.30,13.107.42.14,55047,80,TCP,2026-04-07T16:48:25,2026-04-07T16:50:13,0,0,0,0,0EF84CBC-F612-4D,,0,108.0,[]
172.16.0.203,93.184.216.34,62285,8443,TCP,2026-04-07T19:47:36,2026-04-07T19:47:55,0,0,0,0,C9A9D798-8475-4D,,0,19.0,[]
172.16.0.248,172.217.14.110,49497,80,TCP,2026-04-07T09:25:13,2026-04-07T09:27:07,0,0,0,0,9092E1F9-ADB3-4C,,0,114.0,[]
172.16.0.236,151.101.1.140,60566,443,TCP,2026-04-07T12:29:26,2026-04-07T12:33:20,0,0,0,0,99B2C973-24E5-48,,0,234.0,[]
10.0.0.18,185.199.108.153,49892,8080,TCP,2026-04-07T23:35:30,2026-04-07T23:36:26,0,0,0,0,7648A110-AD31-42,,0,56.0,[]
192.168.0.48,172.217.14.110,50108,443,TCP,2026-04-07T16:22:06,2026-04-07T16:25:46,0,0,0,0,B2A18658-1F8B-40,,0,220.0,[]
192.168.0.94,93.184.216.34,57748,3000,TCP,2026-04-07T19:12:48,2026-04-07T19:15:29,0,0,0,0,D421686A-42C3-4E,,0,161.0,[]
10.0.0.236,151.101.1.140,59414,80,TCP,2026-04-07T08:41:10,2026-04-07T08:43:47,0,0,0,0,109E933A-F7AE-48,,0,157.0,[]
192.168.0.143,162.247.74.27,53749,443,TCP,2026-04-07T11:27:12,2026-04-07T11:31:03,0,0,0,0,656BF169-15B4-44,,0,231.0,[]
172.16.0.105,172.217.14.110,65165,443,TCP,2026-04-07T03:00:35,2026-04-07T03:05:25,0,0,0,0,ADD422A6-16CB-43,,0,290.0,[]
172.16.0.145,93.184.216.34,52861,80,TCP,2026-04-07T09:45:12,2026-04-07T09:49:51,0,0,0,0,452CF6F7-930F-48,,0,279.0,[]
172.16.0.68,151.101.1.140,52998,443,TCP,2026-04-07T07:38:29,2026-04-07T07:41:29,0,0,0,0,D721EE0C-246D-4F,,0,180.0,[]
10.0.0.137,208.80.154.224,59757,443,TCP,2026-04-07T10:32:03,2026-04-07T10:36:57,0,0,0,0,94BCD7CA-75CB-4D,,0,294.0,[]
192.168.0.180,13.107.42.14,59706,443,TCP,2026-04-07T14:17:52,2026-04-07T14:22:03,0,0,0,0,D7032DEA-6D55-40,,0,251.0,[]
192.168.1.104,157.240.1.35,64051,3000,TCP,2026-04-07T11:54:58,2026-04-07T11:59:56,0,0,0,0,A78E5047-3E04-4D,,0,298.0,[]
192.168.0.248,13.107.42.14,57951,8080,TCP,2026-04-07T10:19:31,2026-04-07T10:22:24,0,0,0,0,1B1FBB00-6EFE-4E,,0,173.0,[]
192.168.1.32,104.18.32.7,64111,80,TCP,2026-04-07T15:34:32,2026-04-07T15:36:16,0,0,0,0,DB0FCE7D-BBCB-45,,0,104.0,[]
192.168.0.14,157.240.1.35,63217,80,TCP,2026-04-07T03:27:55,2026-04-07T03:27:56,0,0,0,0,2E8F1757-F0E6-4D,,0,1.0,[]
192.168.1.59,185.199.108.153,52533,8080,TCP,2026-04-07T13:22:57,2026-04-07T13:25:31,0,0,0,0,79401F04-028B-4A,,0,154.0,[]
192.168.0.236,104.16.132.229,56270,80,TCP,2026-04-07T03:39:28,2026-04-07T03:40:40,0,0,0,0,375F0B6D-6F91-4D,,0,72.0,[]
10.0.0.200,142.250.190.78,55884,443,TCP,2026-04-07T14:15:47,2026-04-07T14:18:19,0,0,0,0,7D61164E-583C-47,,0,152.0,[]
192.168.1.136,142.250.190.78,59522,443,TCP,2026-04-07T14:05:03,2026-04-07T14:09:55,0,0,0,0,A84DFE32-C5E7-4A,,0,292.0,[]
192.168.1.68,142.250.190.78,58539,8443,TCP,2026-04-07T15:25:18,2026-04-07T15:28:44,0,0,0,0,2C805040-E57B-46,,0,206.0,[]
192.168.1.80,185.199.108.153,51049,443,TCP,2026-04-07T03:08:20,2026-04-07T03:12:03,0,0,0,0,6EB0534B-9668-42,,0,223.0,[]
192.168.1.42,52.94.236.248,57647,443,TCP,2026-04-07T13:32:21,2026-04-07T13:33:26,0,0,0,0,E8C778B9-15B9-49,,0,65.0,[]
10.0.0.135,185.199.108.153,65409,3000,TCP,2026-04-07T18:35:49,2026-04-07T18:36:13,0,0,0,0,E9A4188C-F3B4-46,,0,24.0,[]
192.168.0.12,172.217.14.110,55016,80,TCP,2026-04-07T20:07:45,2026-04-07T20:11:20,0,0,0,0,993F3FC3-92C4-44,,0,215.0,[]
192.168.0.58,142.250.190.78,51410,3000,TCP,2026-04-07T10:16:42,2026-04-07T10:19:22,0,0,0,0,B2B43F56-4713-40,,0,160.0,[]
192.168.0.119,93.184.216.34,57184,443,TCP,2026-04-07T00:13:55,2026-04-07T00:17:25,0,0,0,0,D96D5583-EB06-43,,0,210.0,[]
10.0.0.27,13.107.42.14,65274,80,TCP,2026-04-07T05:11:01,2026-04-07T05:13:25,0,0,0,0,F3D646EA-1633-4D,,0,144.0,[]
192.168.1.152,172.217.14.110,56910,443,TCP,2026-04-07T09:30:08,2026-04-07T09:32:50,0,0,0,0,2331F8BD-BA8E-4A,,0,162.0,[]
192.168.1.40,93.184.216.34,59442,8443,TCP,2026-04-07T04:23:45,2026-04-07T04:24:20,0,0,0,0,EC37C4E3-CDAD-4E,,0,35.0,[]
192.168.1.56,52.94.236.248,52140,443,TCP,2026-04-07T12:57:07,2026-04-07T13:00:30,0,0,0,0,23540D3A-7455-4A,,0,203.0,[]
172.16.0.143,13.107.42.14,64292,80,TCP,2026-04-07T05:05:22,2026-04-07T05:06:25,0,0,0,0,2390024E-8A72-4C,,0,63.0,[]
192.168.1.6,13.107.42.14,53372,80,TCP,2026-04-07T12:04:16,2026-04-07T12:05:19,0,0,0,0,C8FF8288-2B7C-46,,0,63.0,[]
192.168.0.91,104.18.32.7,58322,3000,TCP,2026-04-07T05:24:41,2026-04-07T05:24:59,0,0,0,0,25BA5427-0747-43,,0,18.0,[]
172.16.0.52,208.80.154.224,49791,8443,TCP,2026-04-07T13:04:29,2026-04-07T13:08:35,0,0,0,0,903FDEE2-9A0D-4F,,0,246.0,[]
192.168.0.8,157.240.1.35,64608,8080,TCP,2026-04-07T21:15:44,2026-04-07T21:17:44,0,0,0,0,4EF2CC1A-F6BD-4B,,0,120.0,[]
172.16.0.91,104.18.32.7,56903,8080,TCP,2026-04-07T13:03:46,2026-04-07T13:04:01,0,0,0,0,0D737064-2051-4B,,0,15.0,[]
192.168.1.15,13.107.42.14,64814,80,TCP,2026-04-07T12:04:41,2026-04-07T12:06:25,0,0,0,0,F9580B6C-C3BA-40,,0,104.0,[]
172.16.0.151,157.240.1.35,53623,443,TCP,2026-04-07T15:54:21,2026-04-07T15:55:12,0,0,0,0,C6498B0B-A5A7-4E,,0,51.0,[]
10.0.0.58,104.18.32.7,59205,443,TCP,2026-04-07T04:38:11,2026-04-07T04:39:42,0,0,0,0,094DDE8B-7FE2-48,,0,91.0,[]
192.168.0.164,93.184.216.34,60003,80,TCP,2026-04-07T08:39:54,2026-04-07T08:42:52,0,0,0,0,BB9492F0-1C34-43,,0,178.0,[]
192.168.1.13,185.199.108.153,54602,8443,TCP,2026-04-07T17:57:09,2026-04-07T18:00:23,0,0,0,0,074766CB-90B4-44,,0,194.0,[]
192.168.1.76,157.240.1.35,51583,8080,TCP,2026-04-07T06:11:36,2026-04-07T06:12:33,0,0,0,0,02B1A588-8D45-4D,,0,57.0,[]
172.16.0.41,52.94.236.248,55377,8443,TCP,2026-04-07T20:10:28,2026-04-07T20:11:15,0,0,0,0,02F9A7D8-09AE-41,,0,47.0,[]
172.16.0.40,142.250.190.78,52023,443,TCP,2026-04-07T22:45:31,2026-04-07T22:46:10,0,0,0,0,DFA122E4-A5EF-4E,,0,39.0,[]
10.0.0.201,93.184.216.34,52138,8443,TCP,2026-04-07T06:43:52,2026-04-07T06:47:02,0,0,0,0,B39CDCFD-1BE1-47,,0,190.0,[]
192.168.1.39,104.16.132.229,51960,8080,TCP,2026-04-07T19:42:48,2026-04-07T19:46:20,0,0,0,0,22A5F7E4-7203-4E,,0,212.0,[]
172.16.0.77,185.199.108.153,53983,80,TCP,2026-04-07T16:20:56,2026-04-07T16:21:08,0,0,0,0,6766F8CD-5270-44,,0,12.0,[]
192.168.1.100,208.80.154.224,58202,3000,TCP,2026-04-07T00:27:00,2026-04-07T00:31:28,0,0,0,0,283F19B9-F156-4A,,0,268.0,[]
10.0.0.223,52.94.236.248,57807,8443,TCP,2026-04-07T23:50:24,2026-04-07T23:54:33,0,0,0,0,C1DDCADA-FB47-49,,0,249.0,[]
172.16.0.10,52.94.236.248,50767,3000,TCP,2026-04-07T09:46:43,2026-04-07T09:49:54,0,0,0,0,1B758C81-0232-45,,0,191.0,[]
192.168.0.77,93.184.216.34,57980,8443,TCP,2026-04-07T22:01:35,2026-04-07T22:02:21,0,0,0,0,8787539D-5509-4B,,0,46.0,[]
192.168.0.17,208.80.154.224,53596,80,TCP,2026-04-07T06:19:32,2026-04-07T06:21:11,0,0,0,0,3C61F20B-524C-4B,,0,99.0,[]
172.16.0.163,104.16.132.229,57079,8080,TCP,2026-04-07T17:47:46,2026-04-07T17:51:35,0,0,0,0,B603F9E6-6C6D-4F,,0,229.0,[]
192.168.1.42,13.107.42.14,56528,443,TCP,2026-04-07T09:47:49,2026-04-07T09:51:19,0,0,0,0,A0704AD6-6A17-43,,0,210.0,[]
10.0.0.156,157.240.1.35,63039,8443,TCP,2026-04-07T12:41:46,2026-04-07T12:45:42,0,0,0,0,6E71B5F9-EE7A-4A,,0,236.0,[]
10.0.0.144,151.101.65.69,58932,80,TCP,2026-04-07T17:32:22,2026-04-07T17:32:55,0,0,0,0,3141623D-3063-49,,0,33.0,[]
192.168.0.185,93.184.216.34,57652,8443,TCP,2026-04-07T14:43:51,2026-04-07T14:44:16,0,0,0,0,0FF92E1B-9559-48,,0,25.0,[]
10.0.0.130,104.18.32.7,55087,443,TCP,2026-04-07T03:33:13,2026-04-07T03:37:15,0,0,0,0,372A358C-F23D-4A,,0,242.0,[]
10.0.0.58,157.240.1.35,60008,8080,TCP,2026-04-07T09:29:12,2026-04-07T09:34:12,0,0,0,0,F84F09B4-D252-43,,0,300.0,[]
172.16.0.136,142.250.190.78,53653,443,TCP,2026-04-07T12:28:34,2026-04-07T12:32:04,0,0,0,0,1A42CDDF-1A51-42,,0,210.0,[]
10.0.0.162,52.94.236.248,49306,3000,TCP,2026-04-07T09:57:31,2026-04-07T09:59:19,0,0,0,0,468A3D09-A29C-4E,,0,108.0,[]
172.16.0.104,93.184.216.34,49304,80,TCP,2026-04-07T19:26:03,2026-04-07T19:27:46,0,0,0,0,55B90F52-0D65-40,,0,103.0,[]
10.0.0.34,208.80.154.224,54624,80,TCP,2026-04-07T01:39:52,2026-04-07T01:40:12,0,0,0,0,DC09744D-5EE4-46,,0,20.0,[]
192.168.0.243,172.217.14.110,56636,443,TCP,2026-04-07T04:46:37,2026-04-07T04:48:26,0,0,0,0,E107E832-A729-47,,0,109.0,[]
192.168.1.153,104.16.132.229,49798,80,TCP,2026-04-07T04:12:56,2026-04-07T04:16:30,0,0,0,0,B27BFBAB-19FE-48,,0,214.0,[]
10.0.0.160,104.18.32.7,52589,80,TCP,2026-04-07T10:17:34,2026-04-07T10:18:33,0,0,0,0,3DF4EA22-9C2F-42,,0,59.0,[]
192.168.0.11,13.107.42.14,59985,443,TCP,2026-04-07T00:05:58,2026-04-07T00:06:05,0,0,0,0,7299CF2C-CC0C-4A,,0,7.0,[]
192.168.1.232,13.107.42.14,58852,443,TCP,2026-04-07T16:54:13,2026-04-07T16:54:39,0,0,0,0,2C7DD0BC-E5E2-4E,,0,26.0,[]
172.16.0.190,142.250.190.78,53686,443,TCP,2026-04-07T11:57:58,2026-04-07T11:58:21,0,0,0,0,3F88A813-D0A6-45,,0,23.0,[]
172.16.0.70,185.199.108.153,62971,443,TCP,2026-04-07T04:06:58,2026-04-07T04:08:06,0,0,0,0,2E83BDB3-725A-41,,0,68.0,[]
172.16.0.47,52.94.236.248,53433,3000,TCP,2026-04-07T17:46:19,2026-04-07T17:47:17,0,0,0,0,CAB67113-445A-49,,0,58.0,[]
192.168.0.251,52.94.236.248,52272,8443,TCP,2026-04-07T09:03:01,2026-04-07T09:07:08,0,0,0,0,35AFA6FE-8582-48,,0,247.0,[]
192.168.0.130,93.184.216.34,51605,3000,TCP,2026-04-07T11:40:26,2026-04-07T11:42:30,0,0,0,0,E440FEAB-4F39-4D,,0,124.0,[]
172.16.0.23,93.184.216.34,53041,3000,TCP,2026-04-07T23:47:18,2026-04-07T23:47:28,0,0,0,0,9BAEADC1-92AB-42,,0,10.0,[]
10.0.0.228,13.107.42.14,60321,8080,TCP,2026-04-07T01:58:33,2026-04-07T02:00:28,0,0,0,0,9B6F5248-B49E-40,,0,115.0,[]
10.0.0.141,185.199.108.153,50652,443,TCP,2026-04-07T17:55:42,2026-04-07T17:56:54,0,0,0,0,9C52F73F-E256-4F,,0,72.0,[]
192.168.0.118,13.107.42.14,52683,8443,TCP,2026-04-07T01:41:34,2026-04-07T01:42:38,0,0,0,0,6CA71537-336E-43,,0,64.0,[]
172.16.0.237,104.18.32.7,53358,80,TCP,2026-04-07T14:06:18,2026-04-07T14:09:03,0,0,0,0,0F272314-E09D-46,,0,165.0,[]
10.0.0.116,104.18.32.7,58946,8080,TCP,2026-04-07T20:09:19,2026-04-07T20:11:11,0,0,0,0,28535652-B2AF-43,,0,112.0,[]
172.16.0.150,104.16.132.229,58521,8443,TCP,2026-04-07T00:27:53,2026-04-07T00:32:21,0,0,0,0,00796B19-EFB2-46,,0,268.0,[]
10.0.0.175,142.250.190.78,55836,80,TCP,2026-04-07T13:03:33,2026-04-07T13:07:25,0,0,0,0,78E527A9-A8E4-40,,0,232.0,[]
10.0.0.248,142.250.190.78,55806,3000,TCP,2026-04-07T08:12:43,2026-04-07T08:15:52,0,0,0,0,F1EF8307-9D12-42,,0,189.0,[]
192.168.1.97,157.240.1.35,57810,443,TCP,2026-04-07T05:51:33,2026-04-07T05:52:11,0,0,0,0,0585BF59-CE1E-4B,,0,38.0,[]
10.0.0.126,208.80.154.224,51540,8080,TCP,2026-04-07T19:07:44,2026-04-07T19:09:37,0,0,0,0,F3199D43-8F5F-46,,0,113.0,[]
172.16.0.144,104.16.132.229,52911,8080,TCP,2026-04-07T16:13:34,2026-04-07T16:15:38,0,0,0,0,D9228EFE-5E52-4B,,0,124.0,[]
172.16.0.125,104.16.132.229,59648,80,TCP,2026-04-07T03:29:37,2026-04-07T03:29:48,0,0,0,0,59E321BF-CBE5-42,,0,11.0,[]
172.16.0.166,151.101.1.140,49930,3000,TCP,2026-04-07T12:04:38,2026-04-07T12:04:58,0,0,0,0,9591CA3E-8A75-4C,,0,20.0,[]
10.0.0.105,104.16.132.229,63341,8080,TCP,2026-04-07T00:36:53,2026-04-07T00:40:13,0,0,0,0,77777F64-D556-44,,0,200.0,[]
10.0.0.156,93.184.216.34,62099,80,TCP,2026-04-07T17:15:26,2026-04-07T17:15:37,0,0,0,0,FBBA6CB7-3C84-48,,0,11.0,[]
172.16.0.138,151.101.1.140,56035,8080,TCP,2026-04-07T07:42:32,2026-04-07T07:46:04,0,0,0,0,78828B12-6645-4F,,0,212.0,[]
192.168.1.65,185.199.108.153,59993,8080,TCP,2026-04-07T04:40:05,2026-04-07T04:40:48,0,0,0,0,7E152E13-7568-40,,0,43.0,[]
192.168.0.2,13.107.42.14,58218,8080,TCP,2026-04-07T04:53:23,2026-04-07T04:56:13,0,0,0,0,B2B6E776-C90C-47,,0,170.0,[]
192.168.0.68,104.16.132.229,51622,80,TCP,2026-04-07T18:27:56,2026-04-07T18:28:12,0,0,0,0,BBE58C7F-AE72-48,,0,16.0,[]
10.0.0.35,208.80.154.224,62153,8080,TCP,2026-04-07T18:17:00,2026-04-07T18:17:06,0,0,0,0,0E407728-24EC-40,,0,6.0,[]
192.168.0.17,13.107.42.14,55927,8080,TCP,2026-04-07T14:07:48,2026-04-07T14:11:49,0,0,0,0,B43DAFE2-F7B7-4E,,0,241.0,[]
172.16.0.94,151.101.1.140,57395,8443,TCP,2026-04-07T08:06:55,2026-04-07T08:11:20,0,0,0,0,F2C2746A-4741-49,,0,265.0,[]
192.168.0.59,104.16.132.229,56082,443,TCP,2026-04-07T06:48:18,2026-04-07T06:48:29,0,0,0,0,08469284-B675-48,,0,11.0,[]
172.16.0.123,104.18.32.7,49887,443,TCP,2026-04-07T01:34:15,2026-04-07T01:35:21,0,0,0,0,DF566069-8554-4A,,0,66.0,[]
192.168.1.43,104.18.32.7,62437,80,TCP,2026-04-07T10:19:12,2026-04-07T10:19:56,0,0,0,0,B4A76537-BB46-4D,,0,44.0,[]
10.0.0.43,52.94.236.248,51407,443,TCP,2026-04-07T13:46:12,2026-04-07T13:49:30,0,0,0,0,CDB32313-72CE-48,,0,198.0,[]
192.168.0.156,93.184.216.34,53002,80,TCP,2026-04-07T17:33:28,2026-04-07T17:34:11,0,0,0,0,43FF27AE-0F11-45,,0,43.0,[]
192.168.1.109,93.184.216.34,51898,443,TCP,2026-04-07T21:46:59,2026-04-07T21:47:56,0,0,0,0,738DED79-15DE-43,,0,57.0,[]
10.0.0.105,104.18.32.7,57463,443,TCP,2026-04-07T19:31:08,2026-04-07T19:34:45,0,0,0,0,F8FE89B2-BF99-4A,,0,217.0,[]
172.16.0.65,151.101.65.69,62197,443,TCP,2026-04-07T04:20:08,2026-04-07T04:22:06,0,0,0,0,42502908-B680-42,,0,118.0,[]
192.168.1.42,104.16.132.229,52136,443,TCP,2026-04-07T17:10:22,2026-04-07T17:14:05,0,0,0,0,7F94A482-7A89-40,,0,223.0,[]
172.16.0.158,157.240.1.35,54895,3000,TCP,2026-04-07T15:58:56,2026-04-07T15:59:02,0,0,0,0,EE608D0B-8141-4A,,0,6.0,[]
192.168.0.168,104.18.32.7,58193,8443,TCP,2026-04-07T12:51:25,2026-04-07T12:52:08,0,0,0,0,8E5FA6D5-2E72-4E,,0,43.0,[]
10.0.0.89,157.240.1.35,55526,3000,TCP,2026-04-07T14:42:27,2026-04-07T14:47:22,0,0,0,0,B042B98B-C612-42,,0,295.0,[]
192.168.1.206,157.240.1.35,57348,3000,TCP,2026-04-07T13:43:44,2026-04-07T13:48:33,0,0,0,0,7A4D4497-F560-44,,0,289.0,[]
172.16.0.30,172.217.14.110,56686,8080,TCP,2026-04-07T15:00:57,2026-04-07T15:03:58,0,0,0,0,CCCA31A7-752F-4E,,0,181.0,[]
10.0.0.91,151.101.65.69,55141,443,TCP,2026-04-07T18:10:04,2026-04-07T18:11:47,0,0,0,0,C2239C71-B238-4A,,0,103.0,[]
10.0.0.40,151.101.1.140,65295,80,TCP,2026-04-07T19:42:52,2026-04-07T19:43:14,0,0,0,0,2A2537A9-7A4C-4C,,0,22.0,[]
10.0.0.102,151.101.65.69,50926,8443,TCP,2026-04-07T17:24:54,2026-04-07T17:29:31,0,0,0,0,96B3DCB2-2DFD-4F,,0,277.0,[]
192.168.0.98,52.94.236.248,57661,443,TCP,2026-04-07T19:58:21,2026-04-07T20:00:36,0,0,0,0,19E4F867-8BD7-4B,,0,135.0,[]
10.0.0.94,157.240.1.35,55046,443,TCP,2026-04-07T20:58:03,2026-04-07T21:00:01,0,0,0,0,A199A6F9-973E-47,,0,118.0,[]
172.16.0.207,172.217.14.110,53558,8080,TCP,2026-04-07T17:43:02,2026-04-07T17:43:22,0,0,0,0,6E351572-5FB2-4A,,0,20.0,[]
10.0.0.93,208.80.154.224,60428,80,TCP,2026-04-07T14:59:30,2026-04-07T15:00:33,0,0,0,0,A2E0F550-2D6C-4E,,0,63.0,[]
10.0.0.119,104.18.32.7,60207,8443,TCP,2026-04-07T22:59:02,2026-04-07T23:03:55,0,0,0,0,48F8E19A-F5B2-4C,,0,293.0,[]
10.0.0.155,157.240.1.35,61052,3000,TCP,2026-04-07T15:04:22,2026-04-07T15:05:48,0,0,0,0,6F74F68A-945E-44,,0,86.0,[]
192.168.1.240,208.80.154.224,50015,8443,TCP,2026-04-07T19:04:39,2026-04-07T19:05:22,0,0,0,0,C429A9EF-EA95-40,,0,43.0,[]
192.168.0.34,104.18.32.7,50303,8080,TCP,2026-04-07T11:50:24,2026-04-07T11:54:28,0,0,0,0,02B6C474-18B4-40,,0,244.0,[]
172.16.0.135,208.80.154.224,60528,3000,TCP,2026-04-07T19:38:55,2026-04-07T19:40:52,0,0,0,0,0D8A7745-8E42-46,,0,117.0,[]
192.168.0.89,208.80.154.224,65271,3000,TCP,2026-04-07T10:54:30,2026-04-07T10:54:35,0,0,0,0,24EA3242-85F6-47,,0,5.0,[]
172.16.0.64,23.129.64.100,61550,443,TCP,2026-04-07T09:34:29,2026-04-07T09:35:10,0,0,0,0,4DE4E1D8-6141-47,,0,41.0,[]
192.168.0.219,104.18.32.7,52768,3000,TCP,2026-04-07T22:29:27,2026-04-07T22:29:56,0,0,0,0,10AEBFDC-5353-43,,0,29.0,[]
10.0.0.69,93.184.216.34,56780,80,TCP,2026-04-07T05:29:10,2026-04-07T05:29:11,0,0,0,0,9255C5CF-534E-45,,0,1.0,[]
192.168.0.50,157.240.1.35,49565,80,TCP,2026-04-07T09:03:51,2026-04-07T09:07:09,0,0,0,0,926FD53F-C593-45,,0,198.0,[]
192.168.1.65,157.240.1.35,60962,80,TCP,2026-04-07T07:55:45,2026-04-07T07:56:43,0,0,0,0,DE1D5CF9-E18C-4F,,0,58.0,[]
10.0.0.198,104.18.32.7,52147,8080,TCP,2026-04-07T22:45:37,2026-04-07T22:45:41,0,0,0,0,8A8CF833-4121-47,,0,4.0,[]
192.168.0.65,93.184.216.34,58809,3000,TCP,2026-04-07T06:54:34,2026-04-07T06:59:25,0,0,0,0,B385CFAE-B2D9-4B,,0,291.0,[]
192.168.0.18,93.184.216.34,57781,8080,TCP,2026-04-07T16:31:57,2026-04-07T16:31:58,0,0,0,0,B22F036B-199A-43,,0,1.0,[]
172.16.0.49,93.184.216.34,54202,443,TCP,2026-04-07T11:44:43,2026-04-07T11:48:13,0,0,0,0,5F11F154-23E0-42,,0,210.0,[]
192.168.0.224,151.101.1.140,55430,80,TCP,2026-04-07T01:09:30,2026-04-07T01:10:07,0,0,0,0,FC124708-3392-44,,0,37.0,[]
192.168.1.93,172.217.14.110,51062,443,TCP,2026-04-07T19:15:39,2026-04-07T19:16:00,0,0,0,0,7C889DC1-6FB9-48,,0,21.0,[]
172.16.0.49,45.153.160.2,55014,8443,TCP,2026-04-07T03:50:29,2026-04-07T03:55:25,0,0,0,0,7D6CDE85-214D-42,,0,296.0,[]
192.168.0.137,93.184.216.34,59478,8080,TCP,2026-04-07T13:32:02,2026-04-07T13:35:34,0,0,0,0,FFC4D04F-B3E6-4B,,0,212.0,[]
172.16.0.1,157.240.1.35,53578,443,TCP,2026-04-07T00:14:20,2026-04-07T00:16:54,0,0,0,0,ED5DD4DB-3081-44,,0,154.0,[]
192.168.0.25,52.94.236.248,53687,443,TCP,2026-04-07T13:21:54,2026-04-07T13:22:51,0,0,0,0,CAF9F8E5-A9B6-4B,,0,57.0,[]
192.168.1.186,93.184.216.34,65151,80,TCP,2026-04-07T21:40:18,2026-04-07T21:42:52,0,0,0,0,9F5360A5-984A-44,,0,154.0,[]
172.16.0.239,13.107.42.14,61685,80,TCP,2026-04-07T11:05:48,2026-04-07T11:10:17,0,0,0,0,D42F6012-016B-40,,0,269.0,[]
192.168.1.57,172.217.14.110,53483,8080,TCP,2026-04-07T03:00:19,2026-04-07T03:04:23,0,0,0,0,5B74390F-91C9-43,,0,244.0,[]
172.16.0.102,13.107.42.14,57220,443,TCP,2026-04-07T02:36:30,2026-04-07T02:38:47,0,0,0,0,ADB26A45-BF5A-46,,0,137.0,[]
10.0.0.89,142.250.190.78,54698,8080,TCP,2026-04-07T22:26:09,2026-04-07T22:29:56,0,0,0,0,45992F72-B2CE-47,,0,227.0,[]
10.0.0.4,151.101.1.140,63899,3000,TCP,2026-04-07T00:49:41,2026-04-07T00:52:31,0,0,0,0,8621B8C9-0848-48,,0,170.0,[]
192.168.0.178,142.250.190.78,50576,443,TCP,2026-04-07T06:12:04,2026-04-07T06:12:35,0,0,0,0,1E294E9D-3FB3-4D,,0,31.0,[]
10.0.0.170,104.16.132.229,52687,80,TCP,2026-04-07T10:38:57,2026-04-07T10:42:15,0,0,0,0,CA6048A1-E6EF-40,,0,198.0,[]
192.168.1.64,157.240.1.35,65206,8443,TCP,2026-04-07T05:42:58,2026-04-07T05:43:08,0,0,0,0,0214FF32-02A2-4E,,0,10.0,[]
10.0.0.225,142.250.190.78,58333,443,TCP,2026-04-07T05:31:24,2026-04-07T05:34:19,0,0,0,0,8CB61005-D790-44,,0,175.0,[]
192.168.0.110,151.101.65.69,63870,443,TCP,2026-04-07T07:31:40,2026-04-07T07:32:51,0,0,0,0,7D4076C0-3AC5-44,,0,71.0,[]
192.168.0.168,104.18.32.7,51374,80,TCP,2026-04-07T06:42:14,2026-04-07T06:44:57,0,0,0,0,28C4A65A-8F97-43,,0,163.0,[]
192.168.0.48,151.101.65.69,56718,443,TCP,2026-04-07T08:24:26,2026-04-07T08:25:10,0,0,0,0,8CABB5BC-B122-41,,0,44.0,[]
10.0.0.48,93.184.216.34,53658,443,TCP,2026-04-07T07:02:10,2026-04-07T07:04:06,0,0,0,0,97C67DBD-F96D-4F,,0,116.0,[]
192.168.0.17,51.15.43.205,65206,8080,TCP,2026-04-07T16:39:31,2026-04-07T16:41:38,0,0,0,0,385332F1-E500-44,,0,127.0,[]
192.168.1.134,93.184.216.34,57203,8443,TCP,2026-04-07T01:25:44,2026-04-07T01:26:20,0,0,0,0,75C20E6F-417E-4A,,0,36.0,[]
10.0.0.157,185.199.108.153,53812,3000,TCP,2026-04-07T23:31:25,2026-04-07T23:35:17,0,0,0,0,E46A83CF-63D4-4E,,0,232.0,[]
172.16.0.7,45.153.160.2,64051,80,TCP,2026-04-07T09:06:18,2026-04-07T09:09:04,0,0,0,0,749E2009-4AE3-4D,,0,166.0,[]
172.16.0.141,104.18.32.7,54070,443,TCP,2026-04-07T05:15:53,2026-04-07T05:17:25,0,0,0,0,D9EBBAD5-482B-45,,0,92.0,[]
192.168.1.231,13.107.42.14,57445,80,TCP,2026-04-07T16:41:55,2026-04-07T16:42:27,0,0,0,0,A09293C0-ECC4-49,,0,32.0,[]
10.0.0.159,13.107.42.14,55208,443,TCP,2026-04-07T02:00:17,2026-04-07T02:03:16,0,0,0,0,3BF60608-E929-4C,,0,179.0,[]
192.168.0.173,104.16.132.229,54965,3000,TCP,2026-04-07T21:04:46,2026-04-07T21:07:51,0,0,0,0,C7B9D7C4-CDFC-43,,0,185.0,[]
192.168.1.75,151.101.1.140,59939,8443,TCP,2026-04-07T19:06:06,2026-04-07T19:07:54,0,0,0,0,24D618DB-AC48-42,,0,108.0,[]
10.0.0.110,52.94.236.248,60747,443,TCP,2026-04-07T22:21:56,2026-04-07T22:26:45,0,0,0,0,2E395E23-7D84-4C,,0,289.0,[]
192.168.0.1,93.184.216.34,55945,8443,TCP,2026-04-07T15:04:29,2026-04-07T15:04:32,0,0,0,0,7FA97EE3-4C96-43,,0,3.0,[]
192.168.1.30,52.94.236.248,50106,443,TCP,2026-04-07T07:03:50,2026-04-07T07:06:40,0,0,0,0,1ACE0F37-83F6-48,,0,170.0,[]
172.16.0.229,52.94.236.248,62716,80,TCP,2026-04-07T18:58:18,2026-04-07T19:00:52,0,0,0,0,1F2A4372-F37C-4B,,0,154.0,[]
10.0.0.252,208.80.154.224,61917,443,TCP,2026-04-07T21:40:12,2026-04-07T21:41:12,0,0,0,0,974BD0E7-5D47-41,,0,60.0,[]
192.168.0.135,151.101.1.140,50377,443,TCP,2026-04-07T03:22:17,2026-04-07T03:26:05,0,0,0,0,7200F51E-F578-41,,0,228.0,[]
192.168.0.197,208.80.154.224,55875,80,TCP,2026-04-07T16:43:30,2026-04-07T16:46:49,0,0,0,0,6EB4B706-17F6-4E,,0,199.0,[]
10.0.0.6,157.240.1.35,59666,443,TCP,2026-04-07T07:00:37,2026-04-07T07:03:04,0,0,0,0,59E573A3-7C65-4A,,0,147.0,[]
192.168.1.4,208.80.154.224,52506,443,TCP,2026-04-07T19:45:10,2026-04-07T19:48:10,0,0,0,0,B0E94688-8AFE-4A,,0,180.0,[]
10.0.0.157,208.80.154.224,50814,443,TCP,2026-04-07T01:03:20,2026-04-07T01:07:22,0,0,0,0,5A800EF9-1110-4A,,0,242.0,[]
172.16.0.158,52.94.236.248,51725,3000,TCP,2026-04-07T20:40:21,2026-04-07T20:41:29,0,0,0,0,8F2764B1-595F-48,,0,68.0,[]
192.168.0.221,157.240.1.35,61999,443,TCP,2026-04-07T12:01:36,2026-04-07T12:04:23,0,0,0,0,8C6021D1-CDA5-45,,0,167.0,[]
10.0.0.155,208.80.154.224,62445,80,TCP,2026-04-07T11:51:52,2026-04-07T11:56:37,0,0,0,0,4FF3BCCD-9FAC-4C,,0,285.0,[]
192.168.0.209,172.217.14.110,60365,443,TCP,2026-04-07T06:18:06,2026-04-07T06:18:46,0,0,0,0,BAD0E931-84C9-44,,0,40.0,[]
192.168.0.79,151.101.1.140,61568,8080,TCP,2026-04-07T17:59:48,2026-04-07T18:00:20,0,0,0,0,8EA5D58A-0025-4D,,0,32.0,[]
10.0.0.77,104.16.132.229,63397,8080,TCP,2026-04-07T03:15:03,2026-04-07T03:20:02,0,0,0,0,8EE23DFC-FE4C-4C,,0,299.0,[]
172.16.0.180,104.16.132.229,61695,8443,TCP,2026-04-07T13:53:32,2026-04-07T13:57:15,0,0,0,0,0E111F44-B466-42,,0,223.0,[]
172.16.0.40,104.16.132.229,53552,80,TCP,2026-04-07T02:36:43,2026-04-07T02:36:52,0,0,0,0,0E9D9060-E298-47,,0,9.0,[]
192.168.0.117,208.80.154.224,61758,8080,TCP,2026-04-07T08:13:08,2026-04-07T08:14:44,0,0,0,0,3F42D307-740F-45,,0,96.0,[]
172.16.0.181,151.101.65.69,51775,443,TCP,2026-04-07T19:09:57,2026-04-07T19:12:21,0,0,0,0,B2578DC8-724E-4C,,0,144.0,[]
192.168.1.232,142.250.190.78,64029,3000,TCP,2026-04-07T20:53:50,2026-04-07T20:56:40,0,0,0,0,787B72DB-1C78-47,,0,170.0,[]
172.16.0.149,185.220.101.1,58712,80,TCP,2026-04-07T10:26:33,2026-04-07T10:30:42,0,0,0,0,92116EC8-BAFE-47,,0,249.0,[]
192.168.0.169,104.18.32.7,56891,3000,TCP,2026-04-07T06:34:59,2026-04-07T06:39:30,0,0,0,0,21B981B0-CB47-47,,0,271.0,[]
172.16.0.186,13.107.42.14,50932,443,TCP,2026-04-07T04:13:23,2026-04-07T04:13:50,0,0,0,0,BC5EF70D-A51C-45,,0,27.0,[]
172.16.0.122,208.80.154.224,49540,443,TCP,2026-04-07T16:20:27,2026-04-07T16:23:43,0,0,0,0,747B8A3C-6DB5-4A,,0,196.0,[]
10.0.0.86,151.101.1.140,61969,3000,TCP,2026-04-07T08:48:12,2026-04-07T08:49:52,0,0,0,0,971271E4-C973-42,,0,100.0,[]
192.168.1.176,13.107.42.14,57406,443,TCP,2026-04-07T01:14:21,2026-04-07T01:14:34,0,0,0,0,B7E07A8B-C657-41,,0,13.0,[]
192.168.0.97,104.16.132.229,52784,443,TCP,2026-04-07T09:13:25,2026-04-07T09:15:56,0,0,0,0,A4A8DBB0-24B1-4E,,0,151.0,[]
10.0.0.199,172.217.14.110,51120,443,TCP,2026-04-07T09:38:10,2026-04-07T09:38:22,0,0,0,0,F687452F-81A5-4C,,0,12.0,[]
192.168.0.158,93.184.216.34,52536,80,TCP,2026-04-07T02:39:17,2026-04-07T02:39:54,0,0,0,0,9163601C-43D7-4C,,0,37.0,[]
172.16.0.148,185.199.108.153,64819,8443,TCP,2026-04-07T14:42:21,2026-04-07T14:43:16,0,0,0,0,2B29867A-2632-47,,0,55.0,[]
10.0.0.175,142.250.190.78,61123,8080,TCP,2026-04-07T02:55:45,2026-04-07T02:59:41,0,0,0,0,827A8924-D07D-43,,0,236.0,[]
10.0.0.125,104.16.132.229,55360,443,TCP,2026-04-07T01:17:59,2026-04-07T01:18:12,0,0,0,0,5A08DA0B-DB5E-4E,,0,13.0,[]
172.16.0.248,142.250.190.78,50988,8080,TCP,2026-04-07T01:33:31,2026-04-07T01:36:59,0,0,0,0,52BAB93B-541F-4A,,0,208.0,[]
192.168.1.63,104.18.32.7,54796,80,TCP,2026-04-07T11:11:23,2026-04-07T11:12:13,0,0,0,0,303F35AA-6825-49,,0,50.0,[]
10.0.0.208,185.199.108.153,59776,80,TCP,2026-04-07T20:58:13,2026-04-07T21:02:53,0,0,0,0,AB49C178-C84F-4B,,0,280.0,[]
192.168.0.113,151.101.65.69,53522,80,TCP,2026-04-07T23:01:03,2026-04-07T23:04:16,0,0,0,0,C9D4D64F-77C9-44,,0,193.0,[]
172.16.0.178,104.18.32.7,63911,8443,TCP,2026-04-07T08:42:39,2026-04-07T08:42:51,0,0,0,0,74981763-39DB-4A,,0,12.0,[]
192.168.0.50,208.80.154.224,61010,443,TCP,2026-04-07T16:54:05,2026-04-07T16:54:55,0,0,0,0,8C498770-19D3-48,,0,50.0,[]
192.168.1.14,157.240.1.35,63395,443,TCP,2026-04-07T12:10:16,2026-04-07T12:14:09,0,0,0,0,A2F3EEB3-4E05-42,,0,233.0,[]
172.16.0.152,172.217.14.110,59824,443,TCP,2026-04-07T04:00:35,2026-04-07T04:03:22,0,0,0,0,E6E2C63C-7FC0-40,,0,167.0,[]
172.16.0.38,151.101.65.69,54986,8443,TCP,2026-04-07T13:35:53,2026-04-07T13:37:03,0,0,0,0,9206030E-A4D0-49,,0,70.0,[]
192.168.1.72,93.184.216.34,62856,443,TCP,2026-04-07T12:30:33,2026-04-07T12:30:48,0,0,0,0,1F10EF16-E80E-40,,0,15.0,[]
172.16.0.215,142.250.190.78,57234,443,TCP,2026-04-07T11:54:59,2026-04-07T11:58:42,0,0,0,0,78766984-0365-4D,,0,223.0,[]
192.168.1.109,93.184.216.34,63977,3000,TCP,2026-04-07T08:45:24,2026-04-07T08:46:07,0,0,0,0,A0C7943D-2110-41,,0,43.0,[]
192.168.1.123,104.18.32.7,49951,3000,TCP,2026-04-07T16:53:06,2026-04-07T16:54:17,0,0,0,0,F8424F24-4747-43,,0,71.0,[]
10.0.0.136,172.217.14.110,55939,80,TCP,2026-04-07T22:35:24,2026-04-07T22:36:21,0,0,0,0,9C157534-7DB1-44,,0,57.0,[]
192.168.0.36,13.107.42.14,52873,3000,TCP,2026-04-07T21:07:17,2026-04-07T21:09:05,0,0,0,0,CFF64AD0-4B8D-4D,,0,108.0,[]
192.168.1.17,93.184.216.34,53172,3000,TCP,2026-04-07T19:21:57,2026-04-07T19:26:30,0,0,0,0,03D1C6D0-0C5F-4F,,0,273.0,[]
10.0.0.246,151.101.1.140,58194,80,TCP,2026-04-07T05:23:12,2026-04-07T05:27:27,0,0,0,0,6E0D5EBF-43EB-41,,0,255.0,[]
192.168.1.75,185.220.101.1,56764,8080,TCP,2026-04-07T14:59:21,2026-04-07T15:04:18,0,0,0,0,BD856294-1FC7-4D,,0,297.0,[]
192.168.0.203,93.184.216.34,58593,80,TCP,2026-04-07T05:24:03,2026-04-07T05:27:04,0,0,0,0,13883132-A2A5-41,,0,181.0,[]
10.0.0.148,157.240.1.35,55197,443,TCP,2026-04-07T20:28:46,2026-04-07T20:29:32,0,0,0,0,97ABC6E4-01E5-48,,0,46.0,[]
172.16.0.239,104.18.32.7,59644,443,TCP,2026-04-07T00:09:22,2026-04-07T00:14:02,0,0,0,0,251C9138-37C7-4F,,0,280.0,[]
172.16.0.87,185.199.108.153,50465,443,TCP,2026-04-07T20:03:35,2026-04-07T20:04:35,0,0,0,0,A1125AC8-2D72-43,,0,60.0,[]
192.168.0.150,157.240.1.35,49890,80,TCP,2026-04-07T19:36:10,2026-04-07T19:39:59,0,0,0,0,D4FA0E29-AF49-44,,0,229.0,[]
192.168.1.73,157.240.1.35,52022,443,TCP,2026-04-07T16:10:24,2026-04-07T16:13:57,0,0,0,0,76BB5FAF-8BD7-46,,0,213.0,[]
192.168.0.78,208.80.154.224,51318,8443,TCP,2026-04-07T03:13:13,2026-04-07T03:13:17,0,0,0,0,C9A8F1ED-EAA2-44,,0,4.0,[]
192.168.0.48,157.240.1.35,65227,80,TCP,2026-04-07T10:59:42,2026-04-07T11:04:42,0,0,0,0,00428661-4993-4B,,0,300.0,[]
172.16.0.46,185.199.108.153,50084,80,TCP,2026-04-07T10:05:35,2026-04-07T10:09:48,0,0,0,0,6694360A-A701-46,,0,253.0,[]
192.168.1.217,151.101.65.69,53940,8080,TCP,2026-04-07T16:47:09,2026-04-07T16:48:19,0,0,0,0,C4CC8EB6-946C-46,,0,70.0,[]
192.168.0.196,104.18.32.7,59723,8080,TCP,2026-04-07T10:57:42,2026-04-07T10:58:00,0,0,0,0,27B8873C-9CA2-4F,,0,18.0,[]
192.168.1.56,45.153.160.2,55326,80,TCP,2026-04-07T15:11:42,2026-04-07T15:15:38,0,0,0,0,5E9D3850-F4A6-48,,0,236.0,[]
192.168.0.33,104.18.32.7,59225,443,TCP,2026-04-07T07:38:24,2026-04-07T07:39:31,0,0,0,0,A4289ABE-5D2F-4F,,0,67.0,[]
192.168.1.121,157.240.1.35,51322,443,TCP,2026-04-07T00:22:26,2026-04-07T00:23:15,0,0,0,0,4FA5E50E-8E95-4D,,0,49.0,[]
10.0.0.91,45.153.160.2,51391,80,TCP,2026-04-07T21:02:57,2026-04-07T21:03:05,0,0,0,0,CA39651F-C787-4E,,0,8.0,[]
192.168.0.113,151.101.1.140,60778,8443,TCP,2026-04-07T15:26:26,2026-04-07T15:28:16,0,0,0,0,30925329-7B34-4E,,0,110.0,[]
10.0.0.143,151.101.1.140,65329,80,TCP,2026-04-07T14:00:34,2026-04-07T14:03:00,0,0,0,0,05C54099-2537-40,,0,146.0,[]
172.16.0.173,93.184.216.34,51937,80,TCP,2026-04-07T05:13:11,2026-04-07T05:13:37,0,0,0,0,FADC9F74-D6C7-45,,0,26.0,[]
10.0.0.194,104.16.132.229,60820,3000,TCP,2026-04-07T21:57:38,2026-04-07T22:01:06,0,0,0,0,4B25FAE0-4E34-40,,0,208.0,[]
192.168.0.8,142.250.190.78,65474,80,TCP,2026-04-07T06:31:14,2026-04-07T06:31:39,0,0,0,0,E50DC79D-1D2C-4A,,0,25.0,[]
10.0.0.139,208.80.154.224,49731,80,TCP,2026-04-07T15:40:14,2026-04-07T15:41:15,0,0,0,0,D3DD2AC0-541A-42,,0,61.0,[]
10.0.0.184,151.101.1.140,64547,3000,TCP,2026-04-07T20:28:15,2026-04-07T20:29:36,0,0,0,0,BA33448B-C5DA-49,,0,81.0,[]
10.0.0.83,151.101.65.69,53352,8080,TCP,2026-04-07T12:42:07,2026-04-07T12:42:59,0,0,0,0,5037FC39-A450-40,,0,52.0,[]
10.0.0.152,185.199.108.153,59143,80,TCP,2026-04-07T12:17:29,2026-04-07T12:17:40,0,0,0,0,9A5AF09F-5001-47,,0,11.0,[]
172.16.0.83,93.184.216.34,55899,8080,TCP,2026-04-07T18:05:07,2026-04-07T18:09:25,0,0,0,0,2B9CEDEF-95B6-4F,,0,258.0,[]
10.0.0.147,13.107.42.14,52256,8080,TCP,2026-04-07T09:57:10,2026-04-07T09:57:45,0,0,0,0,2356736E-EBBD-47,,0,35.0,[]
192.168.0.107,151.101.65.69,64003,443,TCP,2026-04-07T00:40:38,2026-04-07T00:45:03,0,0,0,0,CE6931F6-C372-49,,0,265.0,[]
172.16.0.240,104.16.132.229,55726,8080,TCP,2026-04-07T16:50:19,2026-04-07T16:51:35,0,0,0,0,FA127D6C-068F-46,,0,76.0,[]
192.168.0.66,13.107.42.14,56966,80,TCP,2026-04-07T05:27:35,2026-04-07T05:29:14,0,0,0,0,2F8A8285-607C-4F,,0,99.0,[]
10.0.0.203,104.16.132.229,54918,80,TCP,2026-04-07T17:41:20,2026-04-07T17:41:31,0,0,0,0,D928CBCD-E57E-44,,0,11.0,[]
192.168.0.29,208.80.154.224,57403,3000,TCP,2026-04-07T03:17:09,2026-04-07T03:19:11,0,0,0,0,E410BB8F-87DC-44,,0,122.0,[]
192.168.0.55,93.184.216.34,57485,80,TCP,2026-04-07T17:51:12,2026-04-07T17:55:46,0,0,0,0,951CE3DE-8D17-4A,,0,274.0,[]
192.168.1.177,104.16.132.229,57441,8443,TCP,2026-04-07T11:15:36,2026-04-07T11:18:42,0,0,0,0,F1529B42-2B62-4B,,0,186.0,[]
10.0.0.54,104.18.32.7,59545,8443,TCP,2026-04-07T01:14:00,2026-04-07T01:16:21,0,0,0,0,0104ABCA-890C-40,,0,141.0,[]
10.0.0.130,172.217.14.110,59859,3000,TCP,2026-04-07T00:59:44,2026-04-07T01:00:33,0,0,0,0,939DBA19-CFAF-48,,0,49.0,[]
192.168.1.41,185.199.108.153,62597,8080,TCP,2026-04-07T16:26:17,2026-04-07T16:30:22,0,0,0,0,B08CEF1C-6F1C-48,,0,245.0,[]
172.16.0.242,151.101.65.69,49831,80,TCP,2026-04-07T20:20:07,2026-04-07T20:22:05,0,0,0,0,DA621F24-70BD-49,,0,118.0,[]
192.168.1.4,172.217.14.110,65344,80,TCP,2026-04-07T08:10:23,2026-04-07T08:12:08,0,0,0,0,0EE4AD16-8267-4B,,0,105.0,[]
192.168.1.75,13.107.42.14,57288,8080,TCP,2026-04-07T21:13:22,2026-04-07T21:17:17,0,0,0,0,4AA9E64F-76BF-46,,0,235.0,[]
10.0.0.19,142.250.190.78,60059,443,TCP,2026-04-07T17:08:46,2026-04-07T17:09:45,0,0,0,0,CE804879-BDD4-48,,0,59.0,[]
10.0.0.34,208.80.154.224,55029,443,TCP,2026-04-07T06:11:04,2026-04-07T06:15:22,0,0,0,0,5B26531D-2003-41,,0,258.0,[]
192.168.1.251,157.240.1.35,63245,443,TCP,2026-04-07T09:35:00,2026-04-07T09:35:40,0,0,0,0,5EC77A1B-93B4-49,,0,40.0,[]
172.16.0.14,185.220.101.1,56684,443,TCP,2026-04-07T01:18:20,2026-04-07T01:22:21,0,0,0,0,777898D3-34C9-43,,0,241.0,[]
172.16.0.118,185.199.108.153,53203,8080,TCP,2026-04-07T03:24:25,2026-04-07T03:26:10,0,0,0,0,543A663B-7DBA-47,,0,105.0,[]
192.168.0.197,151.101.1.140,50002,443,TCP,2026-04-07T04:26:29,2026-04-07T04:29:51,0,0,0,0,ED3D7B23-28B4-44,,0,202.0,[]
172.16.0.117,157.240.1.35,59946,80,TCP,2026-04-07T23:53:25,2026-04-07T23:57:17,0,0,0,0,6ED56F2E-67F3-4E,,0,232.0,[]
192.168.1.141,172.217.14.110,62221,443,TCP,2026-04-07T06:28:52,2026-04-07T06:30:55,0,0,0,0,73973E50-3B79-43,,0,123.0,[]
192.168.0.31,172.217.14.110,53454,8080,TCP,2026-04-07T03:29:57,2026-04-07T03:33:06,0,0,0,0,A9BE7E07-FA3B-43,,0,189.0,[]
172.16.0.24,52.94.236.248,56499,443,TCP,2026-04-07T18:02:02,2026-04-07T18:02:36,0,0,0,0,8A1384C8-B814-41,,0,34.0,[]
10.0.0.216,172.217.14.110,50715,80,TCP,2026-04-07T01:38:30,2026-04-07T01:42:53,0,0,0,0,1ABCEA8D-FEAB-41,,0,263.0,[]
192.168.1.190,104.18.32.7,62028,80,TCP,2026-04-07T03:01:57,2026-04-07T03:05:31,0,0,0,0,BCF9D555-D781-48,,0,214.0,[]
10.0.0.224,172.217.14.110,49739,80,TCP,2026-04-07T14:22:44,2026-04-07T14:23:44,0,0,0,0,222738ED-0FD5-48,,0,60.0,[]
172.16.0.206,104.18.32.7,49606,443,TCP,2026-04-07T04:04:28,2026-04-07T04:04:37,0,0,0,0,C31115B1-A531-46,,0,9.0,[]
192.168.0.23,93.184.216.34,64683,8443,TCP,2026-04-07T00:47:39,2026-04-07T00:48:39,0,0,0,0,FA548A6B-3B82-4B,,0,60.0,[]
192.168.0.52,172.217.14.110,60091,80,TCP,2026-04-07T03:44:16,2026-04-07T03:47:58,0,0,0,0,9D30AB38-1565-45,,0,222.0,[]
192.168.1.109,208.80.154.224,57928,8443,TCP,2026-04-07T17:14:01,2026-04-07T17:15:01,0,0,0,0,CA506E7E-A42D-41,,0,60.0,[]
172.16.0.89,208.80.154.224,60265,3000,TCP,2026-04-07T04:46:31,2026-04-07T04:49:02,0,0,0,0,0DCE3A46-15FE-44,,0,151.0,[]
192.168.1.171,104.18.32.7,54274,3000,TCP,2026-04-07T03:40:25,2026-04-07T03:43:58,0,0,0,0,E6F8F116-2D02-4C,,0,213.0,[]
192.168.0.45,208.80.154.224,51238,8080,TCP,2026-04-07T15:40:42,2026-04-07T15:41:41,0,0,0,0,16C9B029-CB5B-40,,0,59.0,[]
10.0.0.230,185.220.101.34,50804,3000,TCP,2026-04-07T16:38:37,2026-04-07T16:39:34,0,0,0,0,09082990-5F15-4A,,0,57.0,[]
192.168.0.187,93.184.216.34,65483,80,TCP,2026-04-07T05:37:03,2026-04-07T05:40:10,0,0,0,0,2C5D1011-7612-49,,0,187.0,[]
192.168.0.22,185.199.108.153,60969,443,TCP,2026-04-07T05:31:11,2026-04-07T05:35:43,0,0,0,0,34DFBFEA-93BC-4F,,0,272.0,[]
192.168.0.198,208.80.154.224,51930,8080,TCP,2026-04-07T11:27:42,2026-04-07T11:28:08,0,0,0,0,D05F620C-3179-4D,,0,26.0,[]
172.16.0.227,208.80.154.224,59431,8080,TCP,2026-04-07T00:17:15,2026-04-07T00:19:39,0,0,0,0,3097A5AB-C690-42,,0,144.0,[]
172.16.0.199,162.247.74.27,51913,80,TCP,2026-04-07T19:34:02,2026-04-07T19:36:54,0,0,0,0,874E2A0D-FC8A-44,,0,172.0,[]
10.0.0.62,157.240.1.35,52770,80,TCP,2026-04-07T13:34:47,2026-04-07T13:37:00,0,0,0,0,94D61362-79B0-44,,0,133.0,[]
192.168.0.90,104.16.132.229,61527,443,TCP,2026-04-07T03:49:52,2026-04-07T03:52:40,0,0,0,0,F9A7CBB7-D8F9-47,,0,168.0,[]
172.16.0.21,172.217.14.110,64757,443,TCP,2026-04-07T16:14:39,2026-04-07T16:14:44,0,0,0,0,3C84A7B2-79E4-4F,,0,5.0,[]
172.16.0.188,104.18.32.7,53317,3000,TCP,2026-04-07T16:39:53,2026-04-07T16:41:00,0,0,0,0,03AAA4A2-5A7C-40,,0,67.0,[]
192.168.1.155,151.101.1.140,61262,443,TCP,2026-04-07T01:27:59,2026-04-07T01:32:27,0,0,0,0,D484B4B2-24A7-45,,0,268.0,[]
192.168.0.37,172.217.14.110,59151,443,TCP,2026-04-07T07:50:56,2026-04-07T07:52:30,0,0,0,0,E429EBD6-F04F-47,,0,94.0,[]
172.16.0.231,172.217.14.110,53503,443,TCP,2026-04-07T18:22:40,2026-04-07T18:26:36,0,0,0,0,40EDDE3A-6123-4D,,0,236.0,[]
172.16.0.100,172.217.14.110,50653,3000,TCP,2026-04-07T10:05:56,2026-04-07T10:06:42,0,0,0,0,DE6BB812-4F6F-4A,,0,46.0,[]
192.168.1.246,13.107.42.14,49763,80,TCP,2026-04-07T23:57:58,2026-04-08T00:02:31,0,0,0,0,555FA69A-FC97-49,,0,273.0,[]
192.168.1.88,172.217.14.110,59551,8443,TCP,2026-04-07T09:21:48,2026-04-07T09:22:35,0,0,0,0,CF04B783-0301-42,,0,47.0,[]
192.168.0.16,52.94.236.248,50042,80,TCP,2026-04-07T10:51:02,2026-04-07T10:54:22,0,0,0,0,9FAB168E-B2C0-40,,0,200.0,[]
172.16.0.244,142.250.190.78,64383,8443,TCP,2026-04-07T02:22:59,2026-04-07T02:23:30,0,0,0,0,ADC29668-ED22-48,,0,31.0,[]
172.16.0.22,208.80.154.224,53817,8080,TCP,2026-04-07T19:40:36,2026-04-07T19:42:03,0,0,0,0,3BC963A8-BE1E-4A,,0,87.0,[]
10.0.0.154,104.16.132.229,60667,443,TCP,2026-04-07T21:18:17,2026-04-07T21:22:39,0,0,0,0,B281FD42-8777-4C,,0,262.0,[]
192.168.0.186,157.240.1.35,56061,8080,TCP,2026-04-07T12:28:29,2026-04-07T12:30:43,0,0,0,0,600345DD-3EF0-44,,0,134.0,[]
10.0.0.5,104.18.32.7,64766,80,TCP,2026-04-07T00:20:55,2026-04-07T00:22:24,0,0,0,0,73CA2F0A-6C70-4D,,0,89.0,[]
172.16.0.173,172.217.14.110,61825,443,TCP,2026-04-07T00:18:25,2026-04-07T00:18:33,0,0,0,0,96150E45-D37F-42,,0,8.0,[]
10.0.0.50,151.101.65.69,56398,443,TCP,2026-04-07T17:58:44,2026-04-07T17:59:08,0,0,0,0,FB6089C0-CB26-4D,,0,24.0,[]
172.16.0.44,104.16.132.229,51293,443,TCP,2026-04-07T02:22:06,2026-04-07T02:23:12,0,0,0,0,EC152883-8755-44,,0,66.0,[]
172.16.0.1,104.16.132.229,59736,8443,TCP,2026-04-07T14:48:50,2026-04-07T14:51:11,0,0,0,0,BCE10C07-F3E9-42,,0,141.0,[]
172.16.0.81,13.107.42.14,51832,80,TCP,2026-04-07T08:12:53,2026-04-07T08:13:38,0,0,0,0,E3E381A5-12CA-41,,0,45.0,[]
192.168.1.122,52.94.236.248,60083,443,TCP,2026-04-07T02:39:16,2026-04-07T02:43:01,0,0,0,0,DF2211FF-E480-4F,,0,225.0,[]
10.0.0.228,151.101.1.140,51183,3000,TCP,2026-04-07T01:59:41,2026-04-07T02:02:16,0,0,0,0,AEDE8CC8-BAEF-4D,,0,155.0,[]
172.16.0.25,172.217.14.110,49499,3000,TCP,2026-04-07T13:58:41,2026-04-07T14:02:39,0,0,0,0,34867D7F-545C-44,,0,238.0,[]
192.168.1.4,151.101.1.140,53280,443,TCP,2026-04-07T12:56:21,2026-04-07T12:59:57,0,0,0,0,534A7C28-9637-4D,,0,216.0,[]
172.16.0.132,52.94.236.248,53923,443,TCP,2026-04-07T17:05:41,2026-04-07T17:08:20,0,0,0,0,0A3C6970-0FFC-49,,0,159.0,[]
192.168.1.109,13.107.42.14,51393,8080,TCP,2026-04-07T06:53:39,2026-04-07T06:57:43,0,0,0,0,CC033829-2B14-40,,0,244.0,[]
192.168.1.127,142.250.190.78,56697,3000,TCP,2026-04-07T22:42:58,2026-04-07T22:44:48,0,0,0,0,66F1F58B-C32B-42,,0,110.0,[]
10.0.0.8,104.18.32.7,63583,443,TCP,2026-04-07T22:59:10,2026-04-07T23:04:10,0,0,0,0,F9D26982-7EFC-48,,0,300.0,[]
192.168.0.46,104.244.76.13,57730,80,TCP,2026-04-07T00:45:51,2026-04-07T00:47:02,0,0,0,0,8FC0D359-4C79-45,,0,71.0,[]
172.16.0.225,151.101.1.140,53437,443,TCP,2026-04-07T06:58:44,2026-04-07T07:03:17,0,0,0,0,927BBF2D-6A39-4F,,0,273.0,[]
192.168.0.219,104.18.32.7,57251,80,TCP,2026-04-07T22:55:04,2026-04-07T22:57:28,0,0,0,0,DCC9BAF8-4DA4-4C,,0,144.0,[]
10.0.0.128,104.18.32.7,61403,3000,TCP,2026-04-07T18:00:53,2026-04-07T18:04:56,0,0,0,0,D83CA3C3-C96D-40,,0,243.0,[]
192.168.0.79,172.217.14.110,61410,443,TCP,2026-04-07T20:02:41,2026-04-07T20:03:25,0,0,0,0,522AA102-B748-42,,0,44.0,[]
172.16.0.132,172.217.14.110,64472,8443,TCP,2026-04-07T14:53:22,2026-04-07T14:56:31,0,0,0,0,61F3572C-2329-4B,,0,189.0,[]
10.0.0.216,208.80.154.224,58209,443,TCP,2026-04-07T03:34:58,2026-04-07T03:35:59,0,0,0,0,4F978C20-3207-41,,0,61.0,[]
10.0.0.49,104.18.32.7,57708,80,TCP,2026-04-07T10:54:12,2026-04-07T10:56:37,0,0,0,0,4C8574F8-969D-44,,0,145.0,[]
172.16.0.60,208.80.154.224,64271,8080,TCP,2026-04-07T03:07:35,2026-04-07T03:10:16,0,0,0,0,93900A73-0DDB-4C,,0,161.0,[]
192.168.1.128,52.94.236.248,56540,8443,TCP,2026-04-07T15:29:59,2026-04-07T15:33:26,0,0,0,0,92D4807B-BEDF-4C,,0,207.0,[]
172.16.0.251,172.217.14.110,61814,443,TCP,2026-04-07T17:17:10,2026-04-07T17:18:06,0,0,0,0,DAFD66C1-68F1-49,,0,56.0,[]
172.16.0.7,185.220.101.34,61796,443,TCP,2026-04-07T07:29:46,2026-04-07T07:31:46,0,0,0,0,CFFB2E81-7F89-46,,0,120.0,[]
172.16.0.101,185.220.101.34,53383,8443,TCP,2026-04-07T17:24:45,2026-04-07T17:25:21,0,0,0,0,9EA99760-E064-42,,0,36.0,[]
192.168.0.129,93.184.216.34,55761,80,TCP,2026-04-07T05:11:42,2026-04-07T05:15:31,0,0,0,0,DDFFDC02-ED9E-4F,,0,229.0,[]
192.168.1.74,93.184.216.34,58898,8443,TCP,2026-04-07T22:19:10,2026-04-07T22:20:40,0,0,0,0,D6189D35-DAC2-46,,0,90.0,[]
192.168.0.227,157.240.1.35,58716,80,TCP,2026-04-07T07:54:36,2026-04-07T07:58:49,0,0,0,0,0C518071-3375-4C,,0,253.0,[]
172.16.0.7,185.199.108.153,61641,8080,TCP,2026-04-07T14:32:22,2026-04-07T14:33:17,0,0,0,0,5FE56E50-B392-48,,0,55.0,[]
172.16.0.36,157.240.1.35,54741,80,TCP,2026-04-07T22:05:59,2026-04-07T22:06:51,0,0,0,0,6854FCBF-6C77-46,,0,52.0,[]
192.168.1.229,13.107.42.14,50716,80,TCP,2026-04-07T14:13:19,2026-04-07T14:15:57,0,0,0,0,0987831D-462E-45,,0,158.0,[]
10.0.0.211,185.220.101.34,56379,80,TCP,2026-04-07T06:06:44,2026-04-07T06:08:10,0,0,0,0,C873E696-7104-41,,0,86.0,[]
10.0.0.83,23.129.64.100,59514,80,TCP,2026-04-07T14:10:11,2026-04-07T14:12:00,0,0,0,0,4838117B-6C91-4F,,0,109.0,[]
192.168.0.65,151.101.65.69,61884,443,TCP,2026-04-07T12:05:22,2026-04-07T12:06:52,0,0,0,0,7F1E42DE-4071-4F,,0,90.0,[]
172.16.0.98,185.199.108.153,49587,443,TCP,2026-04-07T00:46:20,2026-04-07T00:47:24,0,0,0,0,9A969115-2999-47,,0,64.0,[]
10.0.0.52,45.153.160.2,50394,443,TCP,2026-04-07T21:46:30,2026-04-07T21:50:18,0,0,0,0,6547D04B-A7D6-42,,0,228.0,[]
10.0.0.193,185.199.108.153,60382,443,TCP,2026-04-07T07:29:36,2026-04-07T07:30:11,0,0,0,0,68D37929-4AF6-43,,0,35.0,[]
192.168.1.223,13.107.42.14,53789,443,TCP,2026-04-07T04:34:17,2026-04-07T04:35:04,0,0,0,0,BA1DE853-D4A3-4B,,0,47.0,[]
192.168.0.185,23.129.64.100,54933,443,TCP,2026-04-07T11:02:08,2026-04-07T11:04:35,0,0,0,0,26C56C84-7BE6-47,,0,147.0,[]
172.16.0.97,51.15.43.205,63002,8443,TCP,2026-04-07T05:40:31,2026-04-07T05:44:38,0,0,0,0,C6703885-681A-4C,,0,247.0,[]
10.0.0.98,93.184.216.34,61444,3000,TCP,2026-04-07T02:37:09,2026-04-07T02:40:00,0,0,0,0,4732C185-7F41-45,,0,171.0,[]
10.0.0.126,172.217.14.110,61379,8443,TCP,2026-04-07T17:49:26,2026-04-07T17:52:04,0,0,0,0,73696F13-E033-47,,0,158.0,[]
10.0.0.131,104.16.132.229,51042,8443,TCP,2026-04-07T15:26:19,2026-04-07T15:28:26,0,0,0,0,61909E82-6A48-44,,0,127.0,[]
192.168.0.66,151.101.65.69,49556,80,TCP,2026-04-07T03:21:38,2026-04-07T03:24:55,0,0,0,0,F38ABA02-A8F2-4F,,0,197.0,[]
192.168.1.28,52.94.236.248,57967,443,TCP,2026-04-07T14:29:22,2026-04-07T14:32:00,0,0,0,0,E725ACF1-0263-46,,0,158.0,[]
172.16.0.44,104.244.76.13,53553,443,TCP,2026-04-07T17:42:42,2026-04-07T17:44:16,0,0,0,0,02727663-1551-44,,0,94.0,[]
192.168.0.208,157.240.1.35,63593,80,TCP,2026-04-07T23:10:18,2026-04-07T23:11:44,0,0,0,0,9363A94F-7574-49,,0,86.0,[]
192.168.1.25,142.250.190.78,57862,3000,TCP,2026-04-07T17:13:47,2026-04-07T17:16:40,0,0,0,0,D891158A-B732-4E,,0,173.0,[]
172.16.0.97,52.94.236.248,52434,80,TCP,2026-04-07T16:38:09,2026-04-07T16:41:35,0,0,0,0,821EF38A-240B-4C,,0,206.0,[]
172.16.0.132,13.107.42.14,59709,80,TCP,2026-04-07T23:04:30,2026-04-07T23:07:35,0,0,0,0,21E01682-9F36-4F,,0,185.0,[]
192.168.0.183,208.80.154.224,50192,443,TCP,2026-04-07T18:07:44,2026-04-07T18:08:35,0,0,0,0,2BC6AAD9-B42A-43,,0,51.0,[]
192.168.0.193,185.199.108.153,52608,8443,TCP,2026-04-07T01:03:50,2026-04-07T01:05:13,0,0,0,0,B2164E96-D8AF-4F,,0,83.0,[]
172.16.0.24,52.94.236.248,51271,8080,TCP,2026-04-07T13:43:35,2026-04-07T13:46:51,0,0,0,0,14D0CBF0-F753-48,,0,196.0,[]
192.168.1.147,52.94.236.248,49207,443,TCP,2026-04-07T02:15:11,2026-04-07T02:19:46,0,0,0,0,5FADD806-A330-42,,0,275.0,[]
192.168.0.134,151.101.65.69,52644,8443,TCP,2026-04-07T00:20:04,2026-04-07T00:24:40,0,0,0,0,7DFCE0F8-84B1-42,,0,276.0,[]
192.168.0.192,185.199.108.153,59642,443,TCP,2026-04-07T18:17:27,2026-04-07T18:18:31,0,0,0,0,33387C41-704F-4E,,0,64.0,[]
192.168.0.180,104.18.32.7,61990,443,TCP,2026-04-07T05:47:45,2026-04-07T05:47:57,0,0,0,0,32A81370-8AAD-40,,0,12.0,[]
10.0.0.73,13.107.42.14,62055,80,TCP,2026-04-07T04:45:57,2026-04-07T04:48:43,0,0,0,0,BE1D2F9B-C7AA-4B,,0,166.0,[]
192.168.1.93,151.101.65.69,53988,8443,TCP,2026-04-07T15:33:02,2026-04-07T15:34:29,0,0,0,0,D1142270-70D2-41,,0,87.0,[]
10.0.0.152,104.18.32.7,57180,80,TCP,2026-04-07T04:19:31,2026-04-07T04:21:35,0,0,0,0,C9789646-6B02-48,,0,124.0,[]
172.16.0.71,93.184.216.34,49532,80,TCP,2026-04-07T04:14:46,2026-04-07T04:15:29,0,0,0,0,E80BFBC2-DAEA-4C,,0,43.0,[]
192.168.0.99,104.16.132.229,58928,443,TCP,2026-04-07T03:37:13,2026-04-07T03:40:00,0,0,0,0,EF2C28C4-376F-4C,,0,167.0,[]
172.16.0.17,151.101.65.69,53218,443,TCP,2026-04-07T23:58:41,2026-04-07T23:59:42,0,0,0,0,E84B35CD-4C08-42,,0,61.0,[]
192.168.0.168,162.247.74.27,50299,80,TCP,2026-04-07T04:32:26,2026-04-07T04:36:46,0,0,0,0,08ADEBDB-9DD3-4D,,0,260.0,[]
10.0.0.134,52.94.236.248,56028,80,TCP,2026-04-07T01:37:43,2026-04-07T01:39:45,0,0,0,0,7293770A-D086-4A,,0,122.0,[]
